Ref,Val,Package,PosX,PosY,Rot,Side
"C1","1500uF 16V","CP_Radial_D10.0mm_P5.00mm",169.000000,-75.900000,180.000000,top
"D1","LED","LED_D3.0mm",137.700000,-89.180000,180.000000,top
"D2","LED","LED_D3.0mm",109.175000,-64.600000,180.000000,top
"D3","1N4007","D_DO-41_SOD81_P10.16mm_Horizontal",146.600000,-66.480000,180.000000,top
"D4","1N4007","D_DO-41_SOD81_P10.16mm_Horizontal",118.060000,-41.900000,180.000000,top
"D6","1N4007","D_DO-41_SOD81_P10.16mm_Horizontal",176.505000,-118.485000,180.000000,top
"D7","1N4007","D_DO-41_SOD81_P10.16mm_Horizontal",109.240000,-71.200000,0.000000,top
"GSM_Module1","SIM800L","SIM800L",184.691733,-83.750000,-90.000000,top
"J6","Pin8 Arduino LED Blue","TerminalBlock_Phoenix_MKDS-1,5-2-5.08_1x02_P5.08mm_Horizontal",187.500000,-42.100000,180.000000,top
"J10","Coin Acceptor","TE_171825-4",85.600000,-71.200000,90.000000,top
"J11","GSM LED Orange","SHDR2W70P0X225_1X2_750X445X648P",198.650000,-39.500000,180.000000,top
"J12","Solder Pads 2","TerminalBlock_Phoenix_MKDS-1,5-2-5.08_1x02_P5.08mm_Horizontal",89.510000,-129.310000,-90.000000,top
"J14","Pin17 Rasp Pi LED Green","TerminalBlock_Phoenix_MKDS-1,5-2-5.08_1x02_P5.08mm_Horizontal",174.400000,-42.105000,180.000000,top
"J15","Pilot Lamp Buzzer","TerminalBlock_Phoenix_MKDS-1,5-2-5.08_1x02_P5.08mm_Horizontal",196.825000,-134.865000,90.000000,top
"J16","+12V Input","PJ059BH",94.600000,-97.400000,0.000000,top
"J17","220VAC Detection Out","TerminalBlock_Phoenix_MKDS-1,5-3-5.08_1x03_P5.08mm_Horizontal",147.410000,-136.870000,90.000000,top
"J18","GSM LED","PinHeader_1x02_P2.54mm_Vertical",205.000000,-99.400000,0.000000,top
"J19","Buzzer Enable","PinHeader_1x02_P2.54mm_Vertical",190.505000,-140.185000,-90.000000,top
"J21","Rasp Pi Control","1775373",159.600000,-40.300000,180.000000,top
"J22","Bill Acceptor","TE_177537-5",85.600000,-82.500000,90.000000,top
"J23","220VAC Detection In","TerminalBlock_Phoenix_MKDS-3-3-5.08_1x03_P5.08mm_Horizontal",87.500000,-110.140000,-90.000000,top
"K1","G5LE-1-DC5","G5LE-1",135.070000,-82.880000,0.000000,top
"K2","G5LE-1-DC5","G5LE-1",106.650000,-58.400000,0.000000,top
"K3","G5LE-1-DC5","G5LE-1",165.067500,-134.985000,0.000000,top
"Q1","BC337","TO-92_Inline",130.405000,-66.140000,0.000000,top
"Q2","BC337","TO-92_Inline",101.960000,-41.500000,0.000000,top
"Q3","BC337","TO-92_Inline",160.225000,-118.285000,0.000000,top
"Q4","BSS138","SOT-23",183.700000,-65.100000,-90.000000,top
"R1","10KΩ","R_Axial_DIN0207_L6.3mm_D2.5mm_P10.16mm_Horizontal",168.851733,-88.700000,180.000000,top
"R2","20KΩ","R_Axial_DIN0207_L6.3mm_D2.5mm_P10.16mm_Horizontal",158.711733,-93.600000,0.000000,top
"R3","10k, +-5%","R_Axial_DIN0204_L3.6mm_D1.6mm_P5.08mm_Horizontal",193.840000,-64.400000,180.000000,top
"R4","390Ω","R_Axial_DIN0207_L6.3mm_D2.5mm_P10.16mm_Horizontal",125.445000,-90.500000,90.000000,top
"R5","200Ω","R_Axial_DIN0207_L6.3mm_D2.5mm_P10.16mm_Horizontal",97.400000,-65.840000,90.000000,top
"R6","510Ω","R_Axial_DIN0207_L6.3mm_D2.5mm_P10.16mm_Horizontal",131.700000,-69.840000,-90.000000,top
"R7","510Ω","R_Axial_DIN0207_L6.3mm_D2.5mm_P10.16mm_Horizontal",103.200000,-45.360000,-90.000000,top
"R8","10k, +-5%","R_Axial_DIN0204_L3.6mm_D1.6mm_P5.08mm_Horizontal",194.560000,-67.500000,0.000000,top
"R9","510Ω","R_Axial_DIN0207_L6.3mm_D2.5mm_P10.16mm_Horizontal",161.525000,-122.005000,-90.000000,top
"R11","510Ω","R_Axial_DIN0207_L6.3mm_D2.5mm_P10.16mm_Horizontal",190.215000,-53.105000,180.000000,top
"R12","510Ω","R_Axial_DIN0207_L6.3mm_D2.5mm_P10.16mm_Horizontal",177.260000,-53.200000,180.000000,top
"S1","+4V Enable","2MS1T1B3M2QES",149.180000,-59.300000,90.000000,top
"U1","DCDC_StepDown_LM2596","YAAJ_DCDC_StepDown_LM2596",105.180000,-97.610000,0.000000,top
"U2","EL817","DIP-4_W7.62mm",129.160000,-90.300000,90.000000,top
"U3","EL817","DIP-4_W7.62mm",100.725000,-65.700000,90.000000,top
